id,weekId,position,type,title,url,note,author,creationDate,mediaType,promptText,estimatedMinutes
1,1,1,reading,Beyond Vibe Coding: A Guide to AI-Assisted Development,https://beyond.addy.ie/,The definitive guide from Google Engineering Leader on mastering the spectrum from rapid prototyping to production-ready AI-assisted engineering.,Addy Osmani,2024,Blog/Article,,45
2,1,2,reading,Cursor AI Tutorial for Beginners (YouTube),https://www.youtube.com/watch?v=gqUQbjsYZLQ,Comprehensive tutorial on using Cursor AI IDE for vibe coding. Covers setup and best practices and cursor rules configuration.,Greg Isenberg,2024,YouTube Video,,45
3,1,3,reading,Vibe Coding is Not the Same as AI-Assisted Engineering,https://medium.com/@addyosmani/vibe-coding-is-not-the-same-as-ai-assisted-engineering-3f81088d5b98,Critical distinction between casual AI prompting and disciplined AI-augmented workflows.,Addy Osmani,November 2025,Blog/Article,,20
4,1,4,reading,Vibe Coding in 2026: The Complete Guide to AI-Pair Programming,https://dev.to/pockit_tools/vibe-coding-in-2026-the-complete-guide-to-ai-pair-programming-that-actually-works-42de,Practical guide covering mental models and workflows and prompting techniques.,Pockit Tools,January 2026,Blog/Article,,30
5,1,5,reading,Awesome Vibe Coding Guide (GitHub),https://github.com/analyticalrohit/awesome-vibe-coding-guide,Community-curated best practices for efficient AI-assisted coding.,analyticalrohit,2025,Blog/Article,,25
6,1,6,reading,AI-Assisted Software Development and the Vibe Coding Debate,https://cybersecurityadvisors.network/2025/08/06/ai-assisted-software-development-and-the-vibe-coding-debate-by-nick-kelly/,Critical analysis of code quality risks in vibe coding.,Nick Kelly,August 2025,Blog/Article,,20
7,1,7,exercise,Audit Your AI Workflow Position,,Reflect on your current AI-assisted development practice and identify improvements.,,,,Write a 300-word self-assessment identifying 3 specific workflow improvements you will implement.,45
8,2,1,reading,The Developer Guide to Design Tokens and CSS Variables,https://penpot.app/blog/the-developers-guide-to-design-tokens-and-css-variables/,Foundational explainer on the difference between design tokens and CSS custom properties.,Penpot,December 2025,Blog/Article,,25
9,2,2,reading,Design Systems Handbook: Chapter 1 - Introducing Design Systems,https://www.designbetter.co/design-systems-handbook,Free handbook from InVision covering design system foundations. Chapter 1 explains why design systems matter and how they reduce design debt.,Marco Suarez and Jina Anne and Katie Sylor-Miller,2017,Book Chapter,,30
10,2,3,reading,Using Design Tokens as Variables: Best Practices,https://designtokens.substack.com/p/using-design-tokens-as-variables,Deep dive on implementing tokens in three layers: primitives to semantic aliases to component slots.,Design Tokens Newsletter,November 2025,Blog/Article,,30
11,2,4,reading,Design Tokens Naming Structure,https://medium.com/@brcsndr/you-dont-know-css-design-tokens-naming-structure-52add5d02682,Practical naming convention guide using Component-Variant-Kind-Modifier-Property structure.,Bryce Snyder,November 2023,Blog/Article,,15
12,2,5,reading,How to Use Tokens in Design Systems (LogRocket),https://blog.logrocket.com/ux-design/how-to-use-tokens-in-design-systems/,Figma-focused tutorial on creating design variables that export as tokens.,Daniel Schwarz,December 2024,Blog/Article,,25
13,2,6,reading,What Are Design Tokens? (CSS-Tricks),https://css-tricks.com/what-are-design-tokens/,Classic explainer on design tokens as platform-agnostic design decisions.,Robin Rendle,2019,Blog/Article,,15
14,2,7,reading,Design Tokens: Fundamental Building Blocks of Design Systems,https://www.telerik.com/blogs/design-tokens-fundamental-building-blocks-design-systems,Comprehensive guide with practical CSS variable examples.,Hassan Djirdeh,June 2024,Blog/Article,,20
15,2,8,exercise,Build Your Token Architecture,,Create a design token system for a micro-SaaS dashboard.,,,,Deliverables: JSON primitives file and semantic layer and CSS variables file with documentation.,90
16,3,1,reading,Design Systems And AI: Why MCP Servers Are The Unlock,https://www.figma.com/blog/design-systems-ai-mcp/,Figma official announcement of their MCP server.,Ana Boyer / Figma,2025,Blog/Article,,20
17,3,2,reading,Introduction to Figma Variables and Design Tokens (YouTube),https://www.youtube.com/watch?v=1ONxxlJnvdM,Official Figma tutorial on using variables for design tokens. Essential for understanding Figma-to-code workflows.,Figma,2023,YouTube Video,,20
18,3,3,reading,Dear LLM Here Is How My Design System Works,https://uxdesign.cc/dear-llm-heres-how-my-design-system-works-b59fb9a342b7,Practical guide on structuring Figma files for AI interpretation.,Oleksandra Huba,November 2025,Blog/Article,,25
19,3,4,reading,Building AI-Driven Workflows with Claude Code and Codex CLI,https://uxdesign.cc/designing-with-claude-code-and-codex-cli-building-ai-driven-workflows-powered-by-code-connect-ui-f10c136ec11f,Designer perspective on using agentic CLI tools with Figma MCP.,Iasonas Georgiadis,October 2025,Blog/Article,,30
20,3,5,reading,The Right Code for Your Design System: Introducing Code Connect,https://www.figma.com/blog/introducing-code-connect/,Official guide to Figma Code Connect feature.,Figma,2024,Blog/Article,,20
21,3,6,reading,From Figma to Production Code in 30 Minutes,https://dev.to/__8f10a1a58b86/from-figma-to-production-code-in-30-minutes-a-systematic-ai-assisted-workflow-2nee,Step-by-step workflow using shadcn/ui Figma kit.,DEV Community,August 2025,Blog/Article,,35
22,3,7,reading,Figma to Code: Using Your Design System with AI,https://www.builder.io/blog/figma-design-system-component-mapping,Tutorial on component mapping for AI.,Builder.io,September 2025,Blog/Article,,25
23,3,8,exercise,Configure Your MCP Workflow,,Set up a Figma-to-code workflow using MCP.,,,,Deliverables: Structured Figma file and design-system-rules.md and workflow documentation.,120
24,4,1,reading,Why AI Coding Tools Love shadcn/ui,https://www.shadcn.io/ui/why-ai-coding-tools-love-shadcn-ui,Why transparent component architecture beats black-box libraries for AI.,shadcn.io,2025,Blog/Article,,15
25,4,2,reading,Build a Complete App with shadcn/ui (YouTube),https://www.youtube.com/watch?v=7MKEOfSP2s4,Step-by-step tutorial building a production app with shadcn/ui and Tailwind CSS. Shows the transparent component architecture in action.,Theo Browne,2024,YouTube Video,,35
26,4,3,reading,shadcn/ui Official Documentation,https://ui.shadcn.com/,The official shadcn/ui documentation.,shadcn,2024,Blog/Article,,30
27,4,4,reading,Why Designers Should Care About Tailwind and shadcn,https://designedforhumans.tech/blog/why-should-designers-care-about-tailwind-and-shadcn-in-the-ai-era,Designer-focused guide on using Tailwind and shadcn.,Designed for Humans,November 2025,Blog/Article,,20
28,4,5,reading,How I Use Cursor (+ My Best Tips),https://www.builder.io/blog/cursor-tips,Practical Cursor IDE tips.,Builder.io,September 2025,Blog/Article,,25
29,4,6,reading,Cursor AI Complete Guide: MCPs and Rules and Context Engineering,https://medium.com/@hilalkara.dev/cursor-ai-complete-guide-2025-real-experiences-pro-tips-mcps-rules-context-engineering-6de1a776a8af,Comprehensive guide on context engineering.,Hilal Kara,August 2025,Blog/Article,,35
30,4,7,reading,14 Best React UI Component Libraries in 2026,https://www.untitledui.com/blog/react-component-libraries,Comparison of shadcn/ui and alternatives.,Untitled UI,December 2025,Blog/Article,,20
31,4,8,exercise,Build a Design-System-Aware Component,,Build a production-grade UI component using the full workflow.,,,,Deliverables: Figma design and shadcn/ui component and variants and reflection write-up.,150
32,5,1,reading,Large Language Model - Wikipedia,https://en.wikipedia.org/wiki/Large_language_model,Comprehensive overview of LLMs including architecture and training and evolution.,Wikipedia,2025,Blog/Article,,30
33,5,2,reading,But What Is a GPT? Visual Intro to Transformers (YouTube),https://www.youtube.com/watch?v=wjZofJX0v4M,3Blue1Brown visual explanation of transformer architecture and word embeddings. Makes complex concepts intuitive through beautiful animations.,3Blue1Brown (Grant Sanderson),2024,YouTube Video,,27
34,5,3,reading,A Brief History of LLMs: From Transformers to DeepSeek-R1,https://medium.com/@lmpo/a-brief-history-of-lmms-from-transformers-2017-to-deepseek-r1-2025-dae75dd3f59a,Traces the evolution from 2017 Transformer architecture through GPT and BERT and ChatGPT.,LM Po,November 2025,Blog/Article,,25
35,5,4,reading,Generative Pre-trained Transformer - Wikipedia,https://en.wikipedia.org/wiki/Generative_pre-trained_transformer,Deep dive into GPT architecture from GPT-1 through GPT-4o and reasoning models.,Wikipedia,2025,Blog/Article,,25
36,5,5,reading,Large Language Models 101: History Evolution and Future,https://www.scribbledata.io/blog/large-language-models-history-evolutions-and-future/,Covers the evolution from LSTM networks to transformers and sparse expert models.,Scribble Data,September 2025,Blog/Article,,30
37,5,6,reading,The History of Large Language Models,https://www.whaleflux.com/blog/the-history-of-large-language-models/,Comprehensive history from Dartmouth Conference to Claude 3 and DeepSeek R1.,WhaleFlux,August 2025,Blog/Article,,25
38,5,7,exercise,Map Your AI Knowledge,,Create a visual timeline of AI development from 2017 to present.,,,,Include key model releases with parameter counts and major capability breakthroughs and a 200-word reflection.,45
39,6,1,reading,Top 10 Vibe Coding Tools in 2026,https://www.nucamp.co/blog/top-10-vibe-coding-tools-in-2026-cursor-copilot-claude-code-more,Comprehensive comparison of AI coding assistants including Cursor and Copilot and Windsurf and Claude Code.,Nucamp,January 2026,Blog/Article,,35
40,6,2,reading,Attention in Transformers Visually Explained (YouTube),https://www.youtube.com/watch?v=eMlx5fFNoYc,3Blue1Brown deep dive into the attention mechanism that powers LLMs. Essential for understanding how AI models process context.,3Blue1Brown (Grant Sanderson),2024,YouTube Video,,26
41,6,3,reading,GitHub Copilot vs Cursor: AI Code Editor Review,https://www.digitalocean.com/resources/articles/github-copilot-vs-cursor,Detailed comparison of the two leading AI coding assistants with real-world use cases.,DigitalOcean,2025,Blog/Article,,30
42,6,4,reading,Programming with AI: Workflows for Claude and Copilot and Cursor,https://graphite.com/guides/programming-with-ai-workflows-claude-copilot-cursor,Practical workflow guide for integrating different AI assistants into development practice.,Graphite,2025,Blog/Article,,30
43,6,5,reading,AI-Assisted Coding in 2026: How GitHub Copilot and Cursor and Amazon Q Are Reshaping Developer Workflows,https://www.javacodegeeks.com/2025/12/ai-assisted-coding-in-2026-how-github-copilot-cursor-and-amazon-q-are-reshaping-developer-workflows.html,Analysis of how AI tools are changing development practices including security considerations.,Java Code Geeks,December 2025,Blog/Article,,25
44,6,6,reading,Cursor vs Copilot: Which AI Coding Tool is Best?,https://zapier.com/blog/cursor-vs-copilot/,Practical comparison focused on helping beginners choose the right tool.,Zapier,June 2025,Blog/Article,,20
45,6,7,exercise,AI Tool Evaluation,,Try at least 2 AI coding or writing tools for a small task.,,,,Create a comparison matrix covering ease of use and quality of output and speed and cost. Write a recommendation.,60
46,7,1,reading,AI Code Guide: A Roadmap to Start Coding with AI,https://github.com/automata/aicodeguide,Comprehensive guide covering the spectrum from AI as copilot to vibe coding with best practices.,automata,2025,Blog/Article,,40
47,7,2,reading,LLM Course: Chapter on Prompt Engineering,https://github.com/mlabonne/llm-course,Comprehensive open-source LLM course covering prompt engineering and fine-tuning and deployment. The prompt engineering section is essential for product builders.,Maxime Labonne,2024,Book Chapter,,45
48,7,3,reading,Beyond Vibe Coding: AI-Assisted Coding With Cursor and Opik,https://www.comet.com/site/blog/cursor-vibe-coding/,Explains the difference between vibe coding and AI-assisted coding with practical guidance.,Comet,September 2025,Blog/Article,,30
49,7,4,reading,A Beginners Guide to Coding with AI,https://www.microsoft.com/en-us/microsoft-copilot/for-individuals/do-more-with-ai/general-ai/a-beginners-guide-to-coding-with-ai/,Official Microsoft guide on using Copilot effectively including prompting best practices.,Microsoft,November 2025,Blog/Article,,20
50,7,5,reading,Cursor vs Copilot: Choosing the Best AI Coding Assistant,https://blog.promptlayer.com/cursor-vs-copilot-choosing-the-best-ai-coding-assistant/,Deep comparison covering model flexibility and context handling and real-world performance metrics.,PromptLayer,September 2025,Blog/Article,,25
51,7,6,exercise,Build with AI Assistance,,Build a simple tool or webpage using AI assistance.,,,,Document your prompts and what AI got right/wrong and how you iterated. Share your project and lessons learned.,90
52,8,1,reading,Large Language Models: Their History Capabilities and Limitations,https://snorkel.ai/large-language-models/,Comprehensive technical overview including embeddings and transformers and limitations like hallucination and bias.,Snorkel AI,January 2025,Blog/Article,,35
53,8,2,reading,ChatGPT Prompt Engineering for Developers (YouTube),https://www.youtube.com/watch?v=H4YK_7MAckk,DeepLearning.AI short course on prompt engineering best practices. Covers guidelines and iterative development and summarizing and inferring.,DeepLearning.AI (Andrew Ng and Isa Fulford),2023,YouTube Video,,60
54,8,3,reading,AI Evolution: What is a Large Language Model?,https://www.stjohns.edu/news-media/johnnies-blog/ai-evolution-what-large-language-model,Accessible explanation of LLMs including how attention mechanisms work and current challenges.,St. Johns University,2025,Blog/Article,,20
55,8,4,reading,The Evolution of LLM: From Early AI to Open-Source Innovation,https://www.loata.ai/blogs/123e4567-e89b-12d3-a456-426614174000,Covers the rise of open-source models like LLaMA and GPT-Neo and the future of real-time learning.,Loata AI,2025,Blog/Article,,25
56,8,5,reading,LLM Part-1: History of Language Modeling,https://medium.com/@utkarsh.mathur/llm-part-1-history-of-language-modeling-5f2f17e1a8b4,Technical deep dive into the evolution from statistical language models to modern LLMs with emergent abilities.,Utkarsh Mathur,May 2025,Blog/Article,,30
57,8,6,exercise,AI Product Concept,,Develop a concept for an AI-enhanced product.,,,,Include problem being solved and how AI capabilities address it and ethical considerations and potential limitations. Present as a 1-page product brief.,60
58,9,1,reading,The Constitution of the United States,https://www.archives.gov/founding-docs/constitution-transcript,The primary source document. Read the Preamble and Articles I-III establishing the three branches.,National Archives,1787,Blog/Article,,45
59,9,2,reading,Crash Course Government #1: Introduction (YouTube),https://www.youtube.com/watch?v=lrk4oY7UxpQ,Engaging introduction to US Government and Politics. Covers why government exists and different forms of government and the role of citizens.,Crash Course (Craig Benzine),2015,YouTube Video,,9
60,9,3,reading,Introduction to the Constitution,https://www.law.cornell.edu/constitution,Cornell Law School annotated Constitution with explanations of key clauses and their interpretations.,Cornell Law School,2024,Blog/Article,,30
61,9,4,reading,Federalism in the United States,https://en.wikipedia.org/wiki/Federalism_in_the_United_States,Understanding the division of power between federal and state governments.,Wikipedia,2025,Blog/Article,,25
62,9,5,reading,Separation of Powers,https://www.whitehouse.gov/about-the-white-house/our-government/,Official White House explainer on how the three branches work together and check each other.,The White House,2024,Blog/Article,,20
63,9,6,reading,Civic Education Resources,https://www.civiced.org/,Center for Civic Education resources including the We the People program materials.,Center for Civic Education,2024,Blog/Article,,30
64,9,7,exercise,Constitutional Analysis,,Select one of the first 10 amendments (Bill of Rights) and analyze it.,,,,Research why the founders included it and a landmark Supreme Court case and how it affects your daily life. Write a 400-word analysis.,60
65,10,1,reading,How Laws Are Made,https://www.usa.gov/how-laws-are-made,Step-by-step guide to the legislative process from bill introduction to presidential signature.,USA.gov,2024,Blog/Article,,25
66,10,2,reading,Crash Course Government #5: Constitutional Compromises (YouTube),https://www.youtube.com/watch?v=kCCmuftyj8A,Covers the failures of the Articles of Confederation and the compromises that shaped the Constitution including the Great Compromise and Three-Fifths Compromise.,Crash Course (Craig Benzine),2015,YouTube Video,,9
67,10,3,reading,The Executive Branch,https://www.whitehouse.gov/about-the-white-house/the-executive-branch/,Overview of the presidency and cabinet and executive agencies.,The White House,2024,Blog/Article,,20
68,10,4,reading,About the Supreme Court,https://www.supremecourt.gov/about/about.aspx,Official Supreme Court information on its role and procedures and history.,Supreme Court of the United States,2024,Blog/Article,,20
69,10,5,reading,Checks and Balances,https://en.wikipedia.org/wiki/Checks_and_balances,Detailed explanation of how each branch can limit the powers of the others.,Wikipedia,2025,Blog/Article,,25
70,10,6,reading,Congress.gov - Learn About the Legislative Process,https://www.congress.gov/legislative-process,Official resource on how Congress works with current legislation tracking.,Library of Congress,2024,Blog/Article,,30
71,10,7,exercise,Track a Bill,,Go to Congress.gov and find a bill currently in Congress on a topic you care about.,,,,Document what the bill proposes and current status and key sponsors and arguments for and against. Write a 300-word summary.,45
72,11,1,reading,The Bill of Rights,https://www.archives.gov/founding-docs/bill-of-rights-transcript,Read the first 10 amendments with context on why each was included.,National Archives,1791,Blog/Article,,30
73,11,2,reading,Crash Course Government #11: Presidential Power (YouTube),https://www.youtube.com/watch?v=5l02sK5LovI,Examines the expressed powers of the President in the Constitution from appointing judges to vetoing laws to foreign policy.,Crash Course (Craig Benzine),2015,YouTube Video,,7
74,11,3,reading,Civil Liberties and Civil Rights,https://en.wikipedia.org/wiki/Civil_liberties_in_the_United_States,Understanding the difference between civil liberties (freedoms from government) and civil rights (equality guarantees).,Wikipedia,2025,Blog/Article,,25
75,11,4,reading,Landmark Supreme Court Cases,https://www.oyez.org/,Oyez provides accessible audio and summaries of important Supreme Court decisions shaping American rights.,Oyez (Chicago-Kent),2024,Blog/Article,,35
76,11,5,reading,U.S. Citizenship and Immigration Services,https://www.uscis.gov/citizenship/learn-about-citizenship,Official resources on what citizenship means including the naturalization test civics questions.,USCIS,2024,Blog/Article,,20
77,11,6,exercise,Rights in Action,,Take the official USCIS naturalization civics practice test.,,,,Then choose one right from the Bill of Rights and find a recent news story where it was invoked. Analyze how the right was applied.,45
78,12,1,reading,What Is Civic Engagement?,https://www.thepolicycircle.org/briefs/civic-engagement/,Comprehensive overview of ways citizens can participate in democracy beyond voting.,The Policy Circle,2024,Blog/Article,,25
79,12,2,reading,We the People: The Citizen and the Constitution (Chapter on Civic Participation),https://www.civiced.org/resources/curriculum/we-the-people,Center for Civic Education curriculum on how citizens can participate in democracy. Focuses on the importance and methods of civic engagement.,Center for Civic Education,2024,Book Chapter,,40
80,12,3,reading,How to Inspire Civic Action,https://www.escribemeetings.com/blog/civic-action/,Step-by-step guide to community organizing and advocacy and creating change at the local level.,eScribe,August 2024,Blog/Article,,20
81,12,4,reading,Civic Engagement Examples: 8 Ways to Get Involved,https://www.change.org/l/us/civic-engagement-examples,Practical examples from petitions to local boards to fundraising for causes you care about.,Change.org,2024,Blog/Article,,20
82,12,5,reading,Community Organizing and Grassroots Movements for Change,https://www.insidehighered.com/opinion/columns/higher-ed-gamma/2025/02/28/community-organizing-and-grassroots-movements-change,How ordinary citizens have driven major social transformations through collective action.,Inside Higher Ed,February 2025,Blog/Article,,25
83,12,6,reading,The Power of Grassroots Movements in Political Change,https://goodparty.org/blog/article/grassroots-movement,Explains how grassroots organizing builds democracy through citizen engagement and accountability.,GoodParty.org,May 2023,Blog/Article,,20
84,12,7,reading,Civic Nation,https://civicnation.org/,Explore programs like When We All Vote and All In Campus Democracy Challenge for practical civic engagement.,Civic Nation,2024,Blog/Article,,15
85,12,8,exercise,Create Your Civic Action Plan,,Identify an issue in your community you want to address.,,,,Create a 4-week action plan with research and stakeholders and 3 concrete actions and success metrics. Begin implementing at least one action this week.,90
86,13,1,reading,Beginning Graphic Design: Typography,https://edu.gcfglobal.org/en/beginning-graphic-design/typography/1/,Beginner-friendly introduction to serif and sans-serif and display fonts and basic typographic concepts.,GCFGlobal,2024,Blog/Article,,25
87,13,2,reading,Typography Fundamentals with Chris Do (YouTube),https://www.youtube.com/watch?v=QrNi9FmdlxY,The Futur foundational typography lesson covering contrast and scale and repetition and composition. Essential for understanding type as a design tool.,The Futur (Chris Do),2019,YouTube Video,,42
88,13,3,reading,A Beginners Guide to Typography,https://www.zekagraphic.com/typography-design-beginner-guide/,Covers typeface vs font and typography in branding and practical tools for beginners.,Zeka Design,June 2025,Blog/Article,,30
89,13,4,reading,Ultimate Guide to Typography in Design,https://www.figma.com/resource-library/typography-in-design/,Figmas comprehensive guide covering typeface selection and hierarchy and alignment and readability.,Figma,2024,Blog/Article,,35
90,13,5,reading,Typography: What Is It? The Complete Guide,https://careerfoundry.com/en/blog/ui-design/beginners-guide-to-typography/,Covers the 8 essential typographic design elements and best practices for UI design.,CareerFoundry,May 2023,Blog/Article,,30
91,13,6,reading,Typography Design 101: A Guide to Rules and Terms,https://99designs.com/blog/tips/typography-design/,From Gutenberg to today covers typography rules and anatomy of letters and practical application.,99designs,April 2023,Blog/Article,,25
92,13,7,exercise,Typography Hierarchy Project,,Design a single-page flyer for an event using only typography.,,,,Create clear hierarchy with headline and subheading and body text and details. Use no more than 2 typefaces. Submit with annotations.,60
93,14,1,reading,Color Theory: A Complete Guide for Artists and Designers,https://www.sessions.edu/notes-on-design/a-guide-to-color-theory/,Fundamentals from the color wheel to RGB/CMYK and harmony principles and practical application.,Sessions College,February 2025,Blog/Article,,30
94,14,2,reading,Color Theory for Noobs (YouTube),https://www.youtube.com/watch?v=AvgCkHrcj8w,Beginner-friendly color theory tutorial covering the color wheel and harmonies and practical application in design projects.,GCFLearnFree,2018,YouTube Video,,5
95,14,3,reading,Color Theory for Designers: Full Guide,https://arounda.agency/blog/color-theory-for-designers-full-guide,Covers color properties and harmonious combinations and the power of color in design.,Arounda,July 2025,Blog/Article,,25
96,14,4,reading,Color Theory for Designers: A Crash Course,https://www.toptal.com/designers/visual/color-theory-for-designers,Field guide with infographic covering color psychology and harmonies and making quick color choices.,Toptal,May 2024,Blog/Article,,35
97,14,5,reading,Color Theory in Web Design: A Complete Guide,https://elementor.com/blog/color-theory-web-design/,Web-focused guide including color psychology and accessibility and creating effective palettes.,Elementor,August 2020,Blog/Article,,30
98,14,6,reading,Color Theory for Designers: A Beginners Guide,https://webflow.com/blog/color-theory,Webflows guide covering vocabulary and the color wheel and schemes and practical application.,Webflow,April 2025,Blog/Article,,25
99,14,7,exercise,Create a Color Palette,,Design 3 different color palettes for the same brand.,,,,Create complementary and analogous and triadic schemes. Include hex codes and explain the mood each creates. Present with sample UI mockups.,60
100,15,1,reading,Typography Design Concepts Every Designer Needs to Know,https://www.creativebloq.com/typography/what-is-typography-123652,Covers measure and hierarchy and how typography creates effective layouts.,Creative Bloq,September 2024,Blog/Article,,25
101,15,2,reading,Universal Principles of Design: Layout and Composition,https://www.amazon.com/Universal-Principles-Design-Revised-Updated/dp/1592535879,Classic design reference book. Focus on the grid systems and visual hierarchy and alignment principles sections for layout mastery.,William Lidwell and Kritina Holden and Jill Butler,2010,Book Chapter,,45
102,15,3,reading,Typography in Design: Key Concepts and Principles,https://typetype.org/blog/what-is-typography-in-graphic-design-key-concepts-principles-and-examples/,Covers font pairing and leading and modular grids and how typography affects layout.,TypeType,October 2025,Blog/Article,,30
103,15,4,reading,Typography for Beginners: Start from Basics,https://www.ikagency.com/graphic-design-typography/typography-for-beginners/,Guide covering font anatomy and spacing techniques and hierarchy principles and layout application.,IK Agency,July 2024,Blog/Article,,25
104,15,5,reading,The Complete Guide to Typography Design,https://www.andacademy.com/resources/blog/graphic-design/what-is-typography-design/,Covers alignment and values and saturation and how typography fits into overall design.,AND Academy,February 2025,Blog/Article,,30
105,15,6,reading,Color Theory for Beginners: Step-by-Step Guide,https://618media.com/en/blog/color-theory-for-beginners/,Primary and secondary and tertiary colors plus color harmony and psychology in layout.,618 Media,March 2024,Blog/Article,,25
106,15,7,exercise,Layout Grid Exercise,,Create a 3-column grid layout for a blog homepage.,,,,Include header and featured article and article cards and footer. Annotate your design showing the grid structure and gutters and alignment.,60
107,16,1,reading,A Guide to Color Theory in Graphic Design,https://www.park.edu/blog/a-guide-to-color-theory-in-graphic-design/,How color theory applies to graphic design with examples of color harmonies in practice.,Park University,May 2025,Blog/Article,,25
108,16,2,reading,4 Principles of Visual Design (YouTube),https://www.youtube.com/watch?v=ZK86XQ1iFVs,Design fundamentals covering proximity and alignment and repetition and contrast (PARC). Demonstrates how these principles work together.,The Futur,2020,YouTube Video,,15
109,16,3,reading,Color Theory: Brief Guide for Designers,https://blog.tubikstudio.com/color-theory-brief-guide-for-designers/,Color wheel and RGB/CMYK and models of color harmony in UI design context.,Tubik Studio,March 2017,Blog/Article,,25
110,16,4,reading,The Complete Guide to Color Theory and Its Application,https://digitalarcane.com/complete-guide-to-color-theory-beginners-2024/,Comprehensive 2024 guide covering branding and interior design and digital applications.,Digital Arcane,January 2024,Blog/Article,,30
111,16,5,reading,Learn Typography Fundamentals,https://www.thefutur.com/content/learn-typography,The Futurs professional typography course overview covering the four-part design fundamentals approach.,The Futur,2024,Blog/Article,,20
112,16,6,reading,Colour Theory for Graphic Designers,https://adgenix.io/learning/colour-theory-for-graphic-designers/,Science and art of color theory with focus on CMYK for print and RGB for digital.,Adgenix,January 2024,Blog/Article,,20
113,16,7,exercise,Complete Brand Identity Project,,Design a mini brand identity for a fictional coffee shop.,,,,Include logo using typography and color palette with rationale and business card layout and social media post template. Present explaining how elements work together.,120
114,17,1,reading,10 Solopreneur Ideas for 2024,https://www.soloistai.com/solopreneur-examples/,Real examples of solopreneurs who built successful businesses from content creation to micro-SaaS.,Soloist AI,October 2024,Blog/Article,,30
115,17,2,reading,How to Get Startup Ideas - Y Combinator (YouTube),https://www.youtube.com/watch?v=Th8JoIan4dg,Y Combinator Startup School lecture on finding startup ideas. Covers living in the future and building what seems interesting.,Y Combinator (Jared Friedman),2022,YouTube Video,,20
116,17,3,reading,100 SaaS Solopreneur Ideas to Start Your Venture,https://www.eleken.co/blog-posts/solopreneur-ideas,Comprehensive list of SaaS ideas with the insight that unique ideas are overrated - execution matters more.,Eleken,January 2026,Blog/Article,,35
117,17,4,reading,How to Start a Tech Startup: 9 Clear Steps,https://www.eleken.co/blog-posts/how-to-start-a-tech-startup,Expert guide covering idea validation and market research and building your first product.,Eleken,August 2025,Blog/Article,,40
118,17,5,reading,The Ultimate Beginners Guide to Entrepreneurship,https://www.storific.com/blog/the-ultimate-beginner-s-guide-to-entrepreneurship-starting-your-own-business-for-dummies,From identifying your idea to building your brand and finding partners.,Storific,2024,Blog/Article,,30
119,17,6,reading,Entrepreneurship in the Digital Age: Starting a Business in 2024,https://londonsba.org.uk/blog/entrepreneurship-in-the-digital-age-starting-a-business-in-2024/,Overview of the digital landscape and e-commerce platforms and AI opportunities.,London School of Business Administration,June 2024,Blog/Article,,25
120,17,7,exercise,Problem Discovery,,Identify 3 problems you personally experience or observe.,,,,For each describe the problem and who else has it and current solutions and how technology could help. Pick one to develop further.,45
121,18,1,reading,20 Best Profitable Micro-SaaS Startup Ideas,https://www.microns.io/blog/best-micro-saas-ideas,Comprehensive guide to micro-SaaS with examples explaining why small focused products can generate $5K-50K MRR.,Microns,2024,Blog/Article,,35
122,18,2,reading,The Lean Startup: Chapters 1-3 (Build-Measure-Learn),https://theleanstartup.com/,Eric Ries foundational book on startup methodology. Focus on the Build-Measure-Learn feedback loop and validated learning concepts.,Eric Ries,2011,Book Chapter,,60
123,18,3,reading,10 Best AI Micro-SaaS Startup Ideas for Solopreneurs,https://www.microns.io/blog/best-ai-micro-saas-startup-ideas-solopreneurs-examples,AI-powered micro-SaaS ideas including audio content and chatbots and automation tools.,Microns,2024,Blog/Article,,30
124,18,4,reading,6 AI-Powered Micro-SaaS Ideas for Small Business Owners,https://superframeworks.com/blog/ai-micro-saas-ideas-small-business,Profitable AI micro-SaaS ideas with technical blueprints and validation framework.,Superframeworks,November 2025,Blog/Article,,30
125,18,5,reading,Micro SaaS Ideas for Solopreneurs 2025,https://www.rapidevelopers.com/blog/micro-saas-ideas-for-solopreneurs-2025,Comparison of micro-SaaS vs traditional SaaS with focus on low startup costs and passive income.,Rapid Dev,2025,Blog/Article,,25
126,18,6,reading,18 Micro SaaS Ideas You Can Build Within 4-10 Weeks,https://www.shno.co/blog/micro-saas-ideas,Curated list of profitable ideas with revenue potential and MVP build time estimates.,Shno,2024,Blog/Article,,30
127,18,7,exercise,MVP Definition,,For your chosen problem design an MVP.,,,,Define the ONE thing it must do and what you will NOT include and how you would build it and time to build and success metrics.,60
128,19,1,reading,8 Best Micro SaaS Ideas for Solopreneurs,https://superframeworks.com/blog/solopreneur-ideas,Success factors including niche targeting and simple UX and customer feedback loops.,Superframeworks,February 2025,Blog/Article,,25
129,19,2,reading,How to Build an MVP - Y Combinator (YouTube),https://www.youtube.com/watch?v=QRZ_l7cVzzU,Y Combinator Startup School lecture on building minimum viable products. Covers doing things that dont scale and launching quickly.,Y Combinator (Michael Seibel),2022,YouTube Video,,25
130,19,3,reading,The Comprehensive Guide to Starting a Successful Tech Startup,https://medium.com/brain-labs/the-comprehensive-guide-to-starting-a-successful-tech-startup-d962b5399244,Real experience from a founder covering what works and common mistakes to avoid.,Brain Labs / Medium,September 2023,Blog/Article,,30
131,19,4,reading,Key Tips to Ensure a Successful Startup,https://www.welupdigital.com/blog/key-tips-for-startups-in-2023,Essential tips on vision and resilience and continuous learning.,Welup Digital,2023,Blog/Article,,20
132,19,5,reading,How To Start A Business In 11 Steps,https://www.thefundingfamily.com/blog/how-to-start-a-business-in-11-steps-2024-guide,Comprehensive guide from idea to launch to growth.,The Funding Family,2024,Blog/Article,,35
133,19,6,reading,12 Profitable AI SaaS Ideas for Solopreneurs,https://www.shno.co/blog/ai-saas-ideas,AI-powered SaaS ideas with real revenue examples and no-code building tools.,Shno,2024,Blog/Article,,25
134,19,7,exercise,Launch Plan,,Create a launch plan for your MVP.,,,,Include where you will announce and who your first 10 users will be and how you will get feedback and 30-day post-launch checklist and success metrics.,60
135,20,1,reading,10 Micro SaaS Ideas for Solopreneurs in 2026,https://lovable.dev/guides/micro-saas-ideas-for-solopreneurs-2026,Validated micro-SaaS opportunities from AI content repurposing to subscription recovery.,Lovable,2026,Blog/Article,,25
136,20,2,reading,How to Pitch Your Startup - Y Combinator (YouTube),https://www.youtube.com/watch?v=17XZGUX_9iM,Y Combinator Startup School lecture on pitching. Covers the essential elements of a compelling startup pitch.,Y Combinator (Kevin Hale),2022,YouTube Video,,20
137,20,3,reading,Entrepreneurship 101,https://innovation.caltech.edu/entrepreneurship/ent-101,Caltechs curated resources for startup founders including pitch decks and funding.,Caltech OTTCP,2024,Blog/Article,,30
138,20,4,reading,Harvard University OTD Startup Guide,https://otd.harvard.edu/uploads/Files/OTD_Startup_Guide.pdf,Harvard guide covering IP and investor connections and commercializing technology.,Harvard OTD,2024,Blog/Article,,35
139,20,5,reading,Digital Entrepreneurs Playbook: 8 Steps for Tech Startup Launch,https://codedesign.org/digital-entrepreneurs-playbook-8-steps-tech-startup-launch,Practical playbook from a digital marketing agency on launching tech products.,Codedesign,2024,Blog/Article,,25
140,20,6,exercise,Business Model Canvas,,Complete a Business Model Canvas for your startup.,,,,Fill in all 9 sections: Customer Segments and Value Propositions and Channels and Customer Relationships and Revenue Streams and Key Resources and Key Activities and Key Partners and Cost Structure. Identify your biggest assumption.,60
141,20,7,exercise,One-Page Business Plan,,Synthesize everything into a one-page business plan.,,,,Include Problem and Solution and Target Market and Revenue Model and Competition and Unique Advantage and Team and Milestones for next 90 days.,45
142,21,1,reading,Programming in the Age of AI,https://bdtechtalks.com/2025/05/12/programming-in-the-age-of-ai/,Why learning programming still matters in the AI era. Building deep skills beyond vibe coding for production-ready software.,TechTalks,May 2025,Blog/Article,,25
143,21,2,reading,HTML and CSS Crash Course (YouTube),https://www.youtube.com/watch?v=XqFR2lqBYPs,Kevin Powell 4-hour beginner course on HTML and CSS fundamentals. Interactive Scrimba format.,Kevin Powell,2024,YouTube Video,,45
144,21,3,reading,How I'm Learning to Code in the AI Age (2025-2026 Edition),https://dev.to/the_mj_super/how-im-learning-to-code-in-the-ai-age-2025-2026-edition-3b8l,Practical tips for learning with AI tools without getting stuck in tutorial hell. Active recall and project-based learning.,DEV Community,September 2025,Blog/Article,,15
145,21,4,reading,MDN Learn Web Development,https://developer.mozilla.org/en-US/docs/Learn_web_development,Mozilla official guide from beginner to comfortable. Structured tutorials with hands-on challenges.,MDN Web Docs,2025,Blog/Article,,45
146,21,5,reading,W3Schools HTML Tutorial,https://www.w3schools.com/html/,Interactive HTML tutorial with Try it Yourself editor. Complete reference for HTML elements and attributes.,W3Schools,2025,Blog/Article,,60
147,21,6,reading,Intro to Vibe Coding,https://www.codecademy.com/learn/intro-to-vibe-coding,Codecademy course on AI-assisted coding. Learn when and where and how to use AI tools to build applications.,Codecademy,2025,Blog/Article,,60
148,21,7,exercise,Build Your First Web Page,,Create a personal introduction page using only HTML - no AI assistance allowed.,,,,Create a personal introduction page with HTML only. Include: a heading with your name and a paragraph about yourself and an image and a list of 3 hobbies and a link to a favorite website. Do NOT use AI to generate the code - type it yourself.,45
149,22,1,reading,An Interactive Guide to CSS Transitions,https://www.joshwcomeau.com/animation/css-transitions/,Josh Comeau comprehensive tutorial on CSS transitions. The fundamental building block for web animations.,Josh W. Comeau,October 2025,Blog/Article,,45
150,22,2,reading,Kevin Powell CSS Grid Masterclass (YouTube),https://www.youtube.com/watch?v=rg7Fvvl3taU,Deep dive into CSS Grid layout system. Learn when to use Grid vs Flexbox and modern responsive techniques.,Kevin Powell,2025,YouTube Video,,47
151,22,3,reading,W3Schools CSS Animations,https://www.w3schools.com/css/css3_animations.asp,Learn CSS keyframes and animation properties. Animate HTML elements without JavaScript.,W3Schools,2025,Blog/Article,,30
152,22,4,reading,Animista - CSS Animations Library,https://animista.net/,Interactive playground to experiment with pre-made CSS animations. Tweak easing and delay and duration to learn how they work.,Animista,2024,Blog/Article,,30
153,22,5,reading,Cool CSS Animation Tutorial,https://coolcssanimation.com/,Learn to code cool abstract effects with CSS. Practical examples using transforms and animation delays.,Cool CSS Animation,2024,Blog/Article,,35
154,22,6,reading,MDN Using CSS Animations,https://developer.mozilla.org/en-US/docs/Web/CSS/Guides/Animations/Using,Official MDN guide to CSS animations. Understand keyframes and animation properties and performance optimization.,MDN Web Docs,December 2025,Blog/Article,,25
155,22,7,exercise,Animated Landing Page,,Create a landing page with multiple CSS animations including fade-ins and hover effects and looping decorations.,,,,Create a landing page with at least 3 CSS animations: (1) a fade-in header on page load (2) a button with hover transition effects (3) a looping animation for a decorative element. Use CSS Grid or Flexbox for layout.,90
156,23,1,reading,JavaScript in 100 Seconds,https://fireship.io/courses/js/101-js-in-100-seconds/,Fireship fast-paced introduction to JavaScript. Perfect starting point before diving deeper.,Fireship (Jeff Delaney),2024,YouTube Video,,2
157,23,2,reading,Eloquent JavaScript: Chapters 1-3 (Free Online Book),https://eloquentjavascript.net/,Classic free JavaScript book. Chapters 1-3 cover values and types and program structure and functions.,Marijn Haverbeke,2024,Book Chapter,,60
158,23,3,reading,W3Schools JavaScript Tutorial,https://www.w3schools.com/js/,Interactive JavaScript tutorial covering basics through ES2025. Try it Yourself examples throughout.,W3Schools,2025,Blog/Article,,60
159,23,4,reading,JavaScript DOM Manipulation,https://developer.mozilla.org/en-US/docs/Learn_web_development/Core/Scripting/DOM_scripting,MDN guide to manipulating the Document Object Model. Connect JavaScript to your HTML elements.,MDN Web Docs,2025,Blog/Article,,45
160,23,5,reading,Fireship JavaScript Course,https://fireship.io/courses/js/,Modern JavaScript with vanilla JS - no frameworks. Beginner-friendly with Fireship-style humor and projects.,Fireship (Jeff Delaney),2024,Blog/Article,,45
161,23,6,exercise,Interactive To-Do List,,Build a functional to-do app with vanilla JavaScript using DOM manipulation.,,,,Build a to-do list app with vanilla JavaScript: (1) Add new tasks (2) Mark tasks complete with strikethrough (3) Delete tasks (4) Tasks persist visually until page refresh. Use DOM manipulation - no frameworks.,90
162,24,1,reading,React vs Vue vs Svelte: Choosing the Right Framework for 2025,https://medium.com/@ignatovich.dm/react-vs-vue-vs-svelte-choosing-the-right-framework-for-2025-4f4bb9da35b4,Comprehensive comparison of the three major frontend frameworks. Learn when to use each one.,Frontend Highlights,January 2025,Blog/Article,,20
163,24,2,reading,React in 100 Seconds (YouTube),https://www.youtube.com/watch?v=Tn6-PIqc4UM,Fireship quick introduction to React. Understand component-based architecture and JSX.,Fireship,2024,YouTube Video,,2
164,24,3,reading,Frontend Frameworks in 2025: What's Hot and What's Next,https://www.leverture.com/post/frontend-frameworks-in-2025-whats-hot-whats-not-and-whats-next,Industry analysis of React and Vue and Svelte trends. Decision framework for choosing the right technology.,Leverture,2025,Blog/Article,,25
165,24,4,reading,Svelte vs React: A Comprehensive Comparison,https://strapi.io/blog/svelte-vs-react-comparison,Deep comparison of React and Svelte. Community size and job market and technical trade-offs.,Strapi,2025,Blog/Article,,25
166,24,5,reading,The Real 2025 Guide to Picking Your First JavaScript Framework,https://clinkitsolutions.com/react-vs-vue-vs-svelte-the-real-2025-guide-to-picking-your-first-javascript-framework/,Practical guide for beginners choosing their first framework. React for jobs and Vue for comfort and Svelte for joy.,ClinkIT Solutions,November 2025,Blog/Article,,20
167,24,6,exercise,Framework Exploration Report,,Complete an official framework tutorial and write a reflection comparing it to vanilla JS.,,,,Pick ONE framework (React or Vue or Svelte) and complete its official tutorial. Write a 500-word reflection: What did you build? What concepts were new? How does it compare to vanilla JS? Would you use it for your next project and why?,120
168,25,1,reading,Why Old School Learning Matters in the Age of AI,https://www.ie.edu/insights/articles/why-old-school-learning-matters-in-the-age-of-ai/,Martin Crawford argues that struggle and desirable difficulties are essential for deep learning.,IE Insights,,Blog/Article,,
169,25,2,reading,Education for the Age of AI,https://curriculumredesign.org/our-work/education-for-the-age-of-ai/,Center for Curriculum Redesign on why knowledge still matters and how to adapt education comprehensively.,Center for Curriculum Redesign,,Blog/Article,,
170,25,3,reading,Beyond the Loop: Reclaiming Pedagogy in an AI Age,https://www.unesco.org/en/articles/beyond-loop-reclaiming-pedagogy-ai-age,"UNESCO piece on why education is relational and meaning-making, not just an optimization problem.",UNESCO,,Blog/Article,,
171,25,4,reading,Embracing AI in the Classroom,https://www.gse.harvard.edu/ideas/usable-knowledge/23/07/embracing-artificial-intelligence-classroom,Harvard GSE on teaching students to ask questions and think critically alongside AI tools.,Harvard Graduate School of Education,,Blog/Article,,
172,25,5,reading,Learning How to Learn TEDx Talk,https://www.youtube.com/watch?v=O96fE1E-rf8,Barbara Oakley introduces focused vs diffuse thinking modes and the Pomodoro technique.,Barbara Oakley,,YouTube,,18
173,25,6,reading,Coursera: Learning How to Learn (Free Version),https://www.coursera.org/learn/learning-how-to-learn,The world's most popular MOOC on learning science. Complete Week 1 on focused and diffuse thinking.,Barbara Oakley & Terrence Sejnowski,,Course,,240
174,25,7,exercise,Learning Audit,,Reflect on your current learning habits. List 3 passive techniques you use and 3 active alternatives you could try.,,,,,
175,26,1,reading,Spaced Repetition - Wikipedia,https://en.wikipedia.org/wiki/Spaced_repetition,Comprehensive overview of the spacing effect from Ebbinghaus to modern implementations.,Wikipedia,,Blog/Article,,
176,26,2,reading,Active Recall and Spaced Repetition,https://medium.com/@juozapavicius.nancy/how-active-recall-and-spaced-repetition-can-help-with-knowledge-retention-34d8abad8811,Practical guide to combining active recall with spaced repetition for maximum retention.,Nancy Juozapavicius Catarino,,Blog/Article,,
177,26,3,reading,Desirable Difficulties - Bjork Learning Lab,https://bjorklab.psych.ucla.edu/wp-content/uploads/sites/13/2016/04/EBjork_RBjork_2011.pdf,The foundational paper by Robert and Elizabeth Bjork on making things hard in good ways.,Robert & Elizabeth Bjork,,Blog/Article,,
178,26,4,reading,Desirable Difficulty - Wikipedia,https://en.wikipedia.org/wiki/Desirable_difficulty,"Overview of testing effect, spacing effect, and interleaving as desirable difficulties.",Wikipedia,,Blog/Article,,
179,26,5,reading,Anki Manual - Background,https://docs.ankiweb.net/background.html,Understand how Anki implements spaced repetition and active recall testing.,Anki,,Blog/Article,,
180,26,6,reading,How to Use Anki: A Beginner Tutorial,https://leananki.com/how-to-use-anki-tutorial/,Practical guide to getting started with Anki for any subject.,Lean Anki,,Blog/Article,,
181,26,7,exercise,Create Your First Anki Deck,,Download Anki and create a deck of 20 cards on a topic you want to learn. Use it daily for one week.,,,,,
182,27,1,reading,The Feynman Technique,https://fs.blog/feynman-technique/,Farnam Street's comprehensive guide to Richard Feynman's four-step learning method.,Farnam Street,,Blog/Article,,
183,27,2,reading,The Feynman Learning Technique,https://fs.blog/feynman-learning-technique/,Deep dive into teaching as learning and the rubber duck debugging method.,Farnam Street,,Blog/Article,,
184,27,3,reading,Metacognitive Study Strategies,https://learningcenter.unc.edu/tips-and-tools/metacognitive-study-strategies/,UNC Learning Center guide to thinking about your thinking while learning.,UNC Learning Center,,Blog/Article,,
185,27,4,reading,Metacognition - MIT Teaching Lab,https://tll.mit.edu/teaching-resources/how-people-learn/metacognition/,"MIT's guide to planning, monitoring, and evaluating your own learning process.",MIT Teaching + Learning Lab,,Blog/Article,,
186,27,5,reading,Metacognitive Strategies - Cornell,https://teaching.cornell.edu/teaching-resources/active-collaborative-learning/metacognitive-strategies,Practical exercises for developing metacognitive awareness in any subject.,Cornell Center for Teaching Innovation,,Blog/Article,,
187,27,6,reading,Fostering Metacognition to Support Student Learning,https://www.lifescied.org/doi/10.1187/cbe.20-12-0289,"Research-backed guide highlighting self-testing, spacing, and interleaving as key strategies.",CBE Life Sciences Education,,Blog/Article,,
188,27,7,exercise,Feynman Technique Practice,,Pick a concept you recently learned. Explain it in writing as if teaching a 12-year-old. Identify gaps and iterate.,,,,,
189,28,1,reading,What's Worth Measuring? Assessment in the AI Age,https://www.unesco.org/en/articles/whats-worth-measuring-future-assessment-ai-age,UNESCO on shifting from rote knowledge to higher-order thinking and ethical reasoning.,UNESCO,,Blog/Article,,
190,28,2,reading,Thinking About Assessment with Generative AI,https://www.tc.columbia.edu/digitalfuturesinstitute/ai-in-education/thinking-about-assessment-in-the-time-of-generative-artificial-intelligence/,Columbia Teachers College on designing assessments that evaluate authentic learning.,Columbia Digital Futures Institute,,Blog/Article,,
191,28,3,reading,AI Teaching Strategies - Stanford,https://ctl.stanford.edu/aimes/ai-teaching-strategies,Stanford's practical guide for educators on incorporating AI thoughtfully.,Stanford Center for Teaching and Learning,,Blog/Article,,
192,28,4,reading,Strategies for Personalized Learning in AI Age,https://www.insidehighered.com/opinion/career-advice/carpe-careers/2025/09/15/strategies-personalized-learning-ai-age-opinion,Pedagogical methods that work regardless of new technologyâ€”generative learning and flipped classrooms.,Inside Higher Ed,,Blog/Article,,
193,28,5,reading,AI Can Deliver Personalized Learning at Scale,https://home.dartmouth.edu/news/2025/11/ai-can-deliver-personalized-learning-scale-study-shows,Dartmouth research on AI tutors using Socratic questioning and spaced retrieval practice.,Dartmouth News,,Blog/Article,,
194,28,6,reading,The Science of Learning - Barbara Oakley at Coursera,https://blog.coursera.org/science-of-how-we-learn-with-dr-barbara-oakley/,Interview with Barbara Oakley on applying neuroscience insights to become a better learner.,Coursera Blog,,Blog/Article,,
195,28,7,exercise,Design Your Learning System,,"Create a personal learning protocol combining techniques from this syllabus. Include daily, weekly, and monthly habits.",,,,,
196,29,1,reading,Philosophy of Education - Stanford Encyclopedia,https://plato.stanford.edu/entries/education-philosophy/,Comprehensive overview of educational philosophy from ancient Greece to contemporary debates. Essential foundation for the syllabus.,Stanford Encyclopedia of Philosophy,,Academic Article,,
197,29,2,reading,The Philosopher King: Education in Plato's Republic,https://medium.com/@arthurboyer/the-philosopher-king-education-in-platos-republic-7d07409f0c1a,How Plato designed a 35-year education for guardians culminating in knowledge of the Form of the Good.,Medium,,Blog/Article,,
198,29,3,reading,Education in Plato's Republic - Santa Clara University,https://www.scu.edu/character/resources/education-in-platos-republic/,The Allegory of the Cave as a model for education - liberation from ignorance toward understanding of reality.,Santa Clara University,,Academic Article,,
199,29,4,reading,Aristotle on Education - Britannica,https://www.britannica.com/topic/philosophy-of-education,Aristotle's emphasis on virtue development through community-guided practice and moral character formation.,Britannica,,Encyclopedia,,
200,29,5,reading,Rousseau's Emile - Representing Childhood,https://www.representingchildhood.pitt.edu/rousseau.htm,Rousseau's revolutionary child-centered approach: 'Everything is good as it leaves the hands of the Author of things.',University of Pittsburgh,,Academic Article,,
201,29,6,reading,Rousseau's Errors in Educational Theory,https://www.psychologytoday.com/us/blog/freedom-learn/200902/rousseau-s-errors-they-persist-today-in-educational-theory,Critical analysis: the vulnerable-child fallacy and controllability fallacy in Rousseau's thinking.,Psychology Today,,Blog/Article,,
202,29,7,exercise,Classical Philosophy Comparison,,"Write a 500-word essay comparing Plato, Aristotle, and Rousseau on the fundamental purpose of education. Which philosopher's vision most resonates with your own experience?",,,,,
203,30,1,reading,Dewey's Educational Philosophy - The Education Hub,https://theeducationhub.org.nz/deweys-educational-philosophy/,"Dewey's pragmatism: cultivating thoughtful, critically reflective individuals through experience rather than rote learning.",The Education Hub,,Blog/Article,,
204,30,2,reading,John Dewey - Stanford Encyclopedia,https://plato.stanford.edu/entries/dewey/,Comprehensive overview of Dewey's philosophy including his landmark 'Democracy and Education' (1916).,Stanford Encyclopedia of Philosophy,,Academic Article,,
205,30,3,reading,Dewey and Citizenship Education,https://www.researchgate.net/publication/336609987_Dewey_and_Citizenship_Education_Schooling_as_Democratic_Practice,How education and democracy are organically connected - each serving as a condition for the other.,ResearchGate,,Academic Paper,,
206,30,4,reading,Newman on Education - Cardinal Newman Society,https://cardinalnewmansociety.org/newman-on-education/,Newman's vision: liberal education as 'real cultivation of mind' - a connected view and grasp of things.,Cardinal Newman Society,,Blog/Article,,
207,30,5,reading,The Idea of a University - Newman Reader,https://www.newmanreader.org/works/idea/discourse7.html,"Newman's Discourse VII: Knowledge as its own end - the intellect disciplined for its own sake, not for specific trades.",Newman Reader,,Primary Source,,
208,30,6,reading,A Remedy to Misconceptions: Newman's Idea of a University,https://www.wordonfire.org/articles/a-remedy-to-misconceptions-newmans-the-idea-of-a-university/,"The university's purpose is to train minds to comprehend truth - it makes thinkers, not saints.",Word on Fire,,Blog/Article,,
209,30,7,exercise,Analyze Your Educational Experience,,Reflect on your own education through Dewey's and Newman's lenses. Did it prepare you for democratic citizenship? Did it cultivate your mind for its own sake? Write a personal analysis (600 words).,,,,,
210,31,1,reading,Education in Ancient Greece - Wikipedia,https://en.wikipedia.org/wiki/Education_in_ancient_Greece,From elementary grammatistes to Plato's Academy - how the Greeks invented formal education.,Wikipedia,,Encyclopedia,,
211,31,2,reading,Ancient Higher Education - Philosophy of Education,https://www.tandfonline.com/doi/full/10.1080/00131857.2018.1553490,"Plato's Academy (387 BCE), Aristotle's Lyceum (335 BCE), and the Imperial University of Constantinople (425 CE).",Taylor & Francis,,Academic Article,,
212,31,3,reading,Athens: Elementary and Higher Education - Britannica,https://www.britannica.com/topic/education/Athens,The three masters of Greek elementary education and how the Sophists revolutionized higher learning.,Britannica,,Encyclopedia,,
213,31,4,reading,Medieval Universities - Vaia,https://www.vaia.com/en-us/explanations/history/modern-world-history/medieval-universities/,"The seven liberal arts: trivium (grammar, rhetoric, logic) and quadrivium (arithmetic, astronomy, geometry, music).",Vaia,,Educational Resource,,
214,31,5,reading,What Did Medieval Universities Teach?,https://www.historyhit.com/what-did-european-universities-teach-during-the-middle-ages/,"8-9 years for liberal arts, then theology, medicine, or law. How Aristotle became central to Scholasticism.",History Hit,,Blog/Article,,
215,31,6,reading,History of College - From Bologna to Today,https://www.myfrontpagestory.com/history-of-college/,"Bologna (1088), Paris (1150), Oxford (1167) - how medieval institutions shaped modern universities.",My Front Page Story,,Blog/Article,,
216,31,7,exercise,Curriculum Evolution Map,,Create a visual timeline showing how educational curriculum evolved from the trivium/quadrivium to modern disciplines. Identify which classical subjects survive and which disappeared.,,,,,
217,32,1,reading,MOOCs Didn't Achieve Their Goals - Inside Higher Ed,https://www.insidehighered.com/digital-learning/article/2019/01/16/study-offers-data-show-moocs-didnt-achieve-their-goals,"MIT/Harvard study: completion rates barely budged, 68.7% of students from developed countries. The democratization promise unfulfilled.",Inside Higher Ed,,Blog/Article,,
218,32,2,reading,The MOOC Problem - Hybrid Pedagogy,https://hybridpedagogy.org/mooc-problem/,Critical analysis: MOOCs underperformed traditional models with no large-scale cost benefit despite the hype.,Hybrid Pedagogy,,Academic Article,,
219,32,3,reading,MOOCs and Technology Access Barriers,https://www.researchgate.net/publication/319117280_MOOCS'_Potential_for_Democratizing_Education_An_Analysis_from_the_Perspective_of_Access_to_Technology,How technology access limits MOOCs' democratizing potential - governmental action needed for equity.,ResearchGate,,Academic Paper,,
220,32,4,reading,Contextualizing Khan Academy - World Bank,https://blogs.worldbank.org/en/education/contextualizing-khan-academy,"The Matthew Effect in edtech: the best teachers get the greatest impact, flexibility can harm low-capacity systems.",World Bank Blogs,,Blog/Article,,
221,32,5,reading,Con Academy - Hedgehog Review,https://hedgehogreview.com/issues/after-neoliberalism/articles/con-academy,Critical examination of Khan Academy's AI hype and the 'technology is not good or bad' clichÃ©.,Hedgehog Review,,Academic Article,,
222,32,6,reading,Epistemology and Education,https://www.encyclopedia.com/education/applied-and-social-sciences-magazines/epistemology-and-education,How theories of knowledge shape educational practice - from justified true belief to constructivism.,Encyclopedia.com,,Encyclopedia,,
223,32,7,exercise,EdTech Democratization Audit,,"Choose an educational platform (Coursera, Khan Academy, Duolingo, etc.) and evaluate its democratization claims. Who actually benefits? What barriers remain? Present your findings in a 2-page analysis.",,,,,
